{"goldAmount":5,"playerPosition":{"x":101.62647247314453,"y":94.03853607177735,"z":0.0},"getItem":false,"chestMethod":1}